star_name,event_id,frequency,time,amplitude,uncertainty,snr,intensity,pol_amplitude,3_sigma_limit,max_pol_fraction
J001309+0535.5,27, f090,1653127061.0,157.6,28.0,5.628571428571428,157.6,68.3,111.52,0.7076
J001309+0535.5,27, f150,1653127068.0,168.7,34.6,4.875722543352601,168.7,38.9,116.79,0.6923
J001309+0535.5,27, f150,1653127073.0,259.0,58.9,4.397283531409168,259.0,38.9,116.79,0.4509
J011636-0229.8,7, f090,1527762967.0,169.0,32.2,5.248447204968944,169.0,47.36,54.91,0.3249
J011636-0229.8,7, f150,1527762970.0,165.6,39.5,4.192405063291139,165.6,25.24,62.85,0.3795
J011636-0229.8,7, f090,1527763310.0,187.6,26.8,7.0,187.6,47.36,54.91,0.2927
J033646+0035.1,15, f150,1565444079.0,387.7,50.5,7.677227722772277,387.7,47.61,52.52,0.1355
J033646+0035.1,15, f150,1565444112.0,384.1,50.4,7.621031746031747,384.1,47.61,52.52,0.1367
J033646+0035.1,15, f150,1565444131.0,222.2,35.4,6.27683615819209,222.2,47.61,52.52,0.2363
J033646+0035.1,15, f090,1565444136.0,521.6,29.0,17.986206896551725,521.6,57.75,45.13,0.0865
J033646+0035.1,15, f150,1565444140.0,227.7,35.4,6.432203389830509,227.7,47.61,52.52,0.2306
J033646+0035.1,15, f090,1565444142.0,522.1,29.1,17.941580756013746,522.1,57.75,45.13,0.0864
J033646+0035.1,15, f090,1565529935.0,281.3,28.1,10.01067615658363,281.3,57.75,45.13,0.1604
J033646+0035.1,15, f150,1565529937.0,133.6,38.0,3.5157894736842104,133.6,47.61,52.52,0.3931
J033646+0035.1,15, f090,1565529942.0,282.7,28.0,10.096428571428572,282.7,57.75,45.13,0.1596
J033646+0035.1,15, f150,1565529954.0,133.6,38.1,3.506561679790026,133.6,47.61,52.52,0.3931
J033646+0035.1,15, f150,1565530292.0,144.6,41.9,3.451073985680191,144.6,47.61,52.52,0.3632
J033646+0035.1,15, f090,1565530293.0,246.0,28.9,8.512110726643598,246.0,57.75,45.13,0.1835
J033646+0035.1,15, f150,1565530296.0,144.8,42.0,3.447619047619048,144.8,47.61,52.52,0.3627
J033646+0035.1,15, f090,1565530297.0,246.2,28.9,8.519031141868512,246.2,57.75,45.13,0.1833
J033646+0035.1,15, f090,1565789900.0,144.8,37.0,3.913513513513514,144.8,14.72,61.77,0.4266
J033646+0035.1,15, f090,1565789930.0,147.2,37.0,3.978378378378378,147.2,14.72,61.77,0.4196
J033646+0035.1,15, f090,1565790195.0,103.6,28.3,3.6607773851590104,103.6,14.72,61.77,0.5962
J033646+0035.1,15, f150,1565790197.0,103.1,34.3,3.0058309037900877,103.1,52.24,64.35,0.6241
J033646+0035.1,15, f150,1565790201.0,106.9,34.3,3.1166180758017497,106.9,52.24,64.35,0.6019
J033646+0035.1,15, f090,1565790206.0,101.5,28.3,3.586572438162544,101.5,14.72,61.77,0.6086
J033646+0035.1,15, f090,1569474505.0,198.5,29.5,6.728813559322034,198.5,31.22,53.79,0.271
J033646+0035.1,15, f150,1569474509.0,150.1,38.0,3.9499999999999997,150.1,30.48,64.64,0.4306
J033646+0035.1,15, f150,1569474522.0,149.7,38.0,3.939473684210526,149.7,30.48,64.64,0.4318
J033646+0035.1,15, f090,1569474522.0,201.2,29.5,6.820338983050847,201.2,31.22,53.79,0.2673
J033646+0035.1,15, f090,1569474869.0,155.3,26.5,5.860377358490567,155.3,31.22,53.79,0.3464
J033646+0035.1,15, f090,1569474895.0,156.4,26.5,5.901886792452831,156.4,31.22,53.79,0.3439
J033646+0035.1,15, f150,1569665769.0,478.5,32.7,14.633027522935778,478.5,37.0,58.08,0.1214
J033646+0035.1,15, f090,1569665779.0,692.9,28.0,24.74642857142857,692.9,12.09,52.24,0.0754
J033646+0035.1,15, f090,1569665811.0,690.1,28.0,24.646428571428572,690.1,12.09,52.24,0.0757
J033646+0035.1,15, f150,1569665822.0,479.4,32.6,14.705521472392636,479.4,37.0,58.08,0.1212
J033646+0035.1,15, f150,1569666116.0,420.6,46.3,9.084233261339094,420.6,37.0,58.08,0.1381
J033646+0035.1,15, f150,1569666149.0,412.7,46.2,8.932900432900432,412.7,37.0,58.08,0.1407
J033646+0035.1,15, f220,1569666162.0,260.2,76.7,3.3924380704041717,260.2,127.57,217.96,0.8377
J033646+0035.1,15, f090,1569666176.0,641.8,25.9,24.779922779922778,641.8,12.09,52.24,0.0814
J033646+0035.1,15, f090,1569666176.0,639.2,25.9,24.67953667953668,639.2,12.09,52.24,0.0817
J033646+0035.1,15, f150,1569666179.0,422.3,33.0,12.796969696969697,422.3,37.0,58.08,0.1375
J033646+0035.1,15, f150,1569666180.0,421.9,33.1,12.746223564954681,421.9,37.0,58.08,0.1377
J033646+0035.1,15, f220,1569666189.0,265.1,76.5,3.465359477124183,265.1,127.57,217.96,0.8222
J033646+0035.1,15, f150,1569820274.0,101.7,32.8,3.1006097560975614,101.7,28.74,64.71,0.6363
J033646+0035.1,15, f150,1632910578.0,261.4,51.8,5.046332046332046,261.4,54.46,110.01,0.4208
J033646+0035.1,15, f090,1632910614.0,625.0,27.0,23.14814814814815,625.0,14.98,103.92,0.1663
J033646+0035.1,15, f150,1632911056.0,351.2,35.0,10.034285714285714,351.2,54.46,110.01,0.3132
J033646+0035.1,15, f090,1633064365.0,318.4,30.4,10.473684210526315,318.4,25.6,99.76,0.3133
J033646+0035.1,15, f150,1633064366.0,143.5,44.0,3.2613636363636362,143.5,100.68,124.9,0.8704
J035829-5446.6,22, f030,1596464814.0,573.2,126.1,4.545598731165742,573.2,133.22,205.11,0.3578
J035829-5446.6,22, f150,1597217402.0,115.2,37.1,3.105121293800539,115.2,31.16,89.12,0.7736
J035829-5446.6,22, f150,1597499519.0,138.2,44.7,3.0917225950782994,138.2,8.27,58.52,0.4235
J035829-5446.6,22, f220,1597564259.0,208.3,61.8,3.370550161812298,208.3,73.32,162.65,0.7809
J035829-5446.6,22, f150,1597564292.0,80.0,26.1,3.065134099616858,80.0,8.27,58.52,0.7315
J035829-5446.6,22, f220,1597846369.0,372.4,112.5,3.310222222222222,372.4,34.51,304.48,0.8176
J035829-5446.6,22, f220,1599285299.0,201.1,63.2,3.1819620253164556,201.1,126.04,242.41,1.2054
J035829-5446.6,22, f150,1599285337.0,212.1,25.3,8.383399209486166,212.1,14.2,81.32,0.3834
J035829-5446.6,22, f090,1599285338.0,130.3,22.3,5.843049327354261,130.3,73.76,85.88,0.6591
J035829-5446.6,22, f150,1599285383.0,198.0,38.0,5.2105263157894735,198.0,14.2,81.32,0.4107
J035829-5446.6,22, f150,1599483426.0,124.3,36.6,3.396174863387978,124.3,36.74,50.23,0.4041
J035829-5446.6,22, f150,1599567364.0,228.5,39.4,5.799492385786802,228.5,36.74,50.23,0.2198
J035829-5446.6,22, f150,1599567366.0,221.1,22.7,9.740088105726873,221.1,36.74,50.23,0.2272
J035829-5446.6,22, f090,1599567369.0,83.2,20.9,3.980861244019139,83.2,23.86,56.05,0.6737
J035829-5446.6,22, f220,1599567396.0,208.1,58.4,3.5633561643835616,208.1,33.33,132.08,0.6347
J035829-5446.6,22, f220,1599632202.0,397.8,60.4,6.586092715231788,397.8,33.33,132.08,0.332
J035829-5446.6,22, f150,1599632214.0,262.4,23.5,11.165957446808509,262.4,36.74,50.23,0.1914
J035829-5446.6,22, f090,1599632216.0,83.1,19.7,4.218274111675127,83.1,23.86,56.05,0.6745
J035829-5446.6,22, f150,1599632253.0,193.0,34.5,5.594202898550725,193.0,36.74,50.23,0.2603
J035829-5446.6,22, f150,1599825811.0,290.4,55.7,5.213644524236983,290.4,30.96,95.92,0.3303
J035829-5446.6,22, f150,1599825852.0,191.7,31.8,6.028301886792453,191.7,30.96,95.92,0.5004
J035829-5446.6,22, f090,1599825852.0,124.7,26.0,4.796153846153846,124.7,19.6,89.04,0.714
J035829-5446.6,22, f090,1599978045.0,146.7,26.8,5.473880597014925,146.7,39.05,93.54,0.6376
J035829-5446.6,22, f150,1599978056.0,237.4,34.4,6.901162790697675,237.4,34.11,110.81,0.4668
J035829-5446.6,22, f150,1600517389.0,241.4,39.7,6.080604534005038,241.4,15.55,51.16,0.2119
J035829-5446.6,22, f150,1600601332.0,215.8,24.2,8.917355371900827,215.8,15.55,51.16,0.2371
J035829-5446.6,22, f150,1600601338.0,257.5,40.3,6.389578163771713,257.5,15.55,51.16,0.1987
J035829-5446.6,22, f090,1600601356.0,150.1,21.5,6.981395348837209,150.1,33.14,51.33,0.342
J035829-5446.6,22, f220,1600601386.0,442.1,52.5,8.42095238095238,442.1,62.92,138.72,0.3138
J035829-5446.6,22, f090,1600666181.0,152.8,21.1,7.241706161137441,152.8,33.14,51.33,0.3359
J035829-5446.6,22, f220,1600666184.0,306.2,49.4,6.198380566801619,306.2,62.92,138.72,0.4531
J035829-5446.6,22, f150,1600666189.0,261.3,23.2,11.26293103448276,261.3,15.55,51.16,0.1958
J035829-5446.6,22, f150,1600666218.0,233.4,36.7,6.35967302452316,233.4,15.55,51.16,0.2192
J035829-5446.6,22, f150,1600859875.0,209.1,27.0,7.7444444444444445,209.1,26.65,103.51,0.495
J035829-5446.6,22, f090,1600859884.0,124.2,23.1,5.376623376623376,124.2,21.93,90.17,0.726
J035829-5446.6,22, f090,1601012023.0,132.3,20.9,6.330143540669858,132.3,6.72,58.26,0.4404
J035829-5446.6,22, f220,1601012026.0,322.8,92.0,3.508695652173913,322.8,136.3,356.92,1.1057
J035829-5446.6,22, f150,1601012037.0,228.6,28.0,8.164285714285715,228.6,6.22,65.17,0.2851
J035829-5446.6,22, f150,1601012063.0,235.6,47.6,4.949579831932772,235.6,6.22,65.17,0.2766
J035829-5446.6,22, f150,1601203270.0,216.8,47.7,4.545073375262055,216.8,6.22,65.17,0.3006
J035829-5446.6,22, f090,1601203309.0,132.8,22.1,6.009049773755656,132.8,6.72,58.26,0.4387
J035829-5446.6,22, f150,1601203315.0,215.8,28.2,7.652482269503547,215.8,6.22,65.17,0.302
J035829-5446.6,22, f090,1601353266.0,179.0,24.0,7.458333333333333,179.0,22.06,87.53,0.489
J035829-5446.6,22, f220,1601353276.0,396.7,91.7,4.326063249727372,396.7,34.71,343.39,0.8656
J035829-5446.6,22, f150,1601353280.0,257.7,33.3,7.738738738738739,257.7,28.6,97.32,0.3776
J035829-5446.6,22, f150,1602237232.0,182.3,49.1,3.7128309572301426,182.3,13.75,87.87,0.482
J035829-5446.6,22, f150,1602237285.0,234.6,29.1,8.061855670103093,234.6,13.75,87.87,0.3746
J035829-5446.6,22, f090,1602237302.0,163.2,22.9,7.126637554585153,163.2,23.86,82.92,0.5081
J035829-5446.6,22, f090,1602387245.0,144.0,25.3,5.691699604743083,144.0,3.19,89.47,0.6213
J035829-5446.6,22, f150,1602387257.0,235.4,35.0,6.725714285714286,235.4,28.09,102.54,0.4356
J035829-5446.6,22, f150,1602585396.0,161.0,45.1,3.5698447893569845,161.0,9.11,77.56,0.4818
J035829-5446.6,22, f090,1602585407.0,119.6,30.9,3.870550161812298,119.6,2.96,67.35,0.5631
J035829-5446.6,22, f220,1602734087.0,253.4,77.1,3.2866407263294426,253.4,148.86,306.24,1.2085
J035829-5446.6,22, f150,1602734114.0,233.6,26.8,8.716417910447761,233.6,9.11,77.56,0.332
J035829-5446.6,22, f090,1602734124.0,123.6,21.5,5.748837209302326,123.6,2.96,67.35,0.5449
J035829-5446.6,22, f150,1602734191.0,173.8,46.0,3.7782608695652176,173.8,9.11,77.56,0.4463
J035829-5446.6,22, f150,1602927775.0,197.9,41.4,4.780193236714976,197.9,27.64,79.77,0.4031
J035829-5446.6,22, f090,1602927784.0,137.6,21.4,6.429906542056075,137.6,16.89,79.6,0.5785
J035829-5446.6,22, f150,1602927788.0,139.6,25.9,5.38996138996139,139.6,27.64,79.77,0.5714
J035829-5446.6,22, f220,1602927804.0,215.2,57.2,3.762237762237762,215.2,48.1,215.24,1.0002
J035829-5446.6,22, f090,1603079951.0,193.6,28.2,6.865248226950355,193.6,13.37,89.94,0.4645
J035829-5446.6,22, f150,1603079955.0,133.1,39.8,3.3442211055276383,133.1,72.9,114.53,0.8605
J035829-5446.6,22, f090,1603421223.0,133.1,25.3,5.260869565217391,133.1,28.4,91.6,0.6882
J040942-0753.4,20, f150,1572577606.0,168.0,55.8,3.010752688172043,168.0,41.8,81.87,0.4873
J040942-0753.4,20, f090,1575679175.0,218.9,29.5,7.420338983050848,218.9,24.76,80.01,0.3655
J040942-0753.4,20, f150,1575679179.0,134.3,42.7,3.1451990632318503,134.3,48.77,100.66,0.7495
J040942-0753.4,20, f090,1575679479.0,160.0,31.2,5.128205128205129,160.0,24.76,80.01,0.5001
J050047-5715.6,11, f090,1541667611.0,210.2,24.8,8.475806451612902,210.2,4.03,38.29,0.1821
J050047-5715.6,11, f150,1541667622.0,166.4,26.4,6.303030303030304,166.4,19.51,44.71,0.2687
J050047-5715.6,11, f150,1541668158.0,146.4,35.1,4.170940170940171,146.4,19.51,44.71,0.3054
J050047-5715.6,11, f090,1541668239.0,112.4,18.4,6.108695652173914,112.4,4.03,38.29,0.3406
J050047-5715.6,11, f150,1541668251.0,130.6,24.1,5.41908713692946,130.6,19.51,44.71,0.3423
J051921-0720.7,6, f090,1511317488.0,103.6,24.7,4.194331983805668,103.6,20.34,48.18,0.4651
J051921-0720.7,6, f090,1511317840.0,122.5,24.1,5.08298755186722,122.5,20.34,48.18,0.3933
J051921-0720.7,6, f150,1511491813.0,128.7,37.6,3.4228723404255317,128.7,51.07,69.92,0.5433
J051921-0720.7,6, f090,1511491815.0,200.9,29.9,6.719063545150502,200.9,13.45,55.36,0.2756
J051921-0720.7,6, f150,1511492099.0,228.1,36.8,6.198369565217392,228.1,51.07,69.92,0.3065
J051921-0720.7,6, f090,1511492108.0,214.0,27.0,7.925925925925926,214.0,13.45,55.36,0.2587
J051921-0720.7,6, f150,1540118685.0,248.1,40.9,6.06601466992665,248.1,5.31,58.89,0.2374
J051921-0720.7,6, f090,1540118691.0,212.1,31.6,6.712025316455696,212.1,21.02,47.15,0.2223
J051921-0720.7,6, f090,1540119074.0,267.2,28.3,9.441696113074205,267.2,21.02,47.15,0.1764
J051921-0720.7,6, f150,1540119077.0,152.4,38.0,4.010526315789474,152.4,5.31,58.89,0.3864
J101935+1952.3,13, f150,1545383907.0,210.0,26.2,8.01526717557252,210.0,15.29,29.63,0.1411
J125045+1133.4,16, f090,1568734462.0,289.8,33.6,8.625,289.8,33.81,48.56,0.1676
J125045+1133.4,16, f150,1568734468.0,223.9,45.7,4.899343544857768,223.9,44.23,74.04,0.3307
J125045+1133.4,16, f150,1568734896.0,161.2,38.8,4.154639175257732,161.2,44.23,74.04,0.4593
J125045+1133.4,16, f090,1568734905.0,182.6,27.7,6.5920577617328515,182.6,33.81,48.56,0.2659
J130046+1222.5,10, f090,1540471707.0,117.3,17.7,6.627118644067797,117.3,5.73,20.02,0.1707
J130046+1222.5,10, f150,1540471709.0,105.6,23.4,4.512820512820513,105.6,11.76,23.1,0.2187
J130046+1222.5,10, f090,1540472125.0,115.8,17.5,6.6171428571428565,115.8,5.73,20.02,0.1729
J130046+1222.5,10, f150,1544452664.0,77.1,25.2,3.0595238095238093,77.1,15.57,34.94,0.4532
J130529+1249.6,14, f150,1552466143.0,268.8,25.5,10.541176470588235,268.8,19.55,47.72,0.1775
J130529+1249.6,14, f090,1552466150.0,140.7,19.5,7.215384615384615,140.7,8.51,41.23,0.293
J130529+1249.6,14, f150,1552466499.0,137.8,45.8,3.0087336244541487,137.8,19.55,47.72,0.3463
J130529+1249.6,14, f090,1552466561.0,111.7,21.4,5.219626168224299,111.7,8.51,41.23,0.3691
J130529+1249.6,14, f150,1552466570.0,99.9,27.3,3.6593406593406597,99.9,19.55,47.72,0.4777
J130529+1249.6,14, f150,1552635500.0,88.9,21.1,4.213270142180095,88.9,11.29,36.53,0.4109
J130529+1249.6,14, f090,1552635514.0,158.2,18.0,8.788888888888888,158.2,7.57,32.59,0.206
J130529+1249.6,14, f090,1552636038.0,134.6,22.5,5.982222222222222,134.6,7.57,32.59,0.2421
J130529+1249.6,14, f150,1552636051.0,103.4,25.0,4.136,103.4,11.29,36.53,0.3533
J130529+1249.6,14, f150,1552707412.0,127.4,34.9,3.6504297994269344,127.4,11.29,36.53,0.2867
J130529+1249.6,14, f150,1555911287.0,122.5,39.4,3.1091370558375635,122.5,25.56,94.96,0.7751
J130529+1249.6,14, f090,1564773173.0,127.1,20.1,6.323383084577114,127.1,3.4,31.4,0.2471
J130529+1249.6,14, f150,1564773184.0,129.0,25.1,5.139442231075697,129.0,22.31,35.85,0.2779
J130529+1249.6,14, f090,1564773673.0,120.6,20.0,6.029999999999999,120.6,3.4,31.4,0.2604
J130529+1249.6,14, f150,1564773681.0,126.8,23.6,5.372881355932203,126.8,22.31,35.85,0.2827
J130529+1249.6,14, f090,1564870807.0,52.2,16.6,3.144578313253012,52.2,3.4,31.4,0.6016
J130529+1249.6,14, f090,1565028835.0,71.7,22.3,3.2152466367713006,71.7,25.9,26.66,0.3718
J130529+1249.6,14, f090,1565114996.0,71.6,20.6,3.475728155339805,71.6,25.9,26.66,0.3723
J130529+1249.6,14, f090,1565115427.0,72.0,18.2,3.956043956043956,72.0,25.9,26.66,0.3702
J142555+1412.0,2, f090,1505666993.0,280.9,31.5,8.917460317460316,280.9,5.8,18.87,0.0672
J142555+1412.0,2, f150,1505667369.0,544.7,52.9,10.29678638941399,544.7,4.43,26.53,0.0487
J142555+1412.0,2, f090,1505667373.0,352.4,23.6,14.932203389830507,352.4,5.8,18.87,0.0535
J142555+1412.0,2, f090,1505681456.0,110.0,16.9,6.508875739644971,110.0,5.8,18.87,0.1715
J142555+1412.0,2, f090,1505682038.0,78.4,24.1,3.2531120331950207,78.4,5.8,18.87,0.2407
J142555+1412.0,2, f090,1505755026.0,131.5,15.4,8.53896103896104,131.5,5.8,18.87,0.1435
J142555+1412.0,2, f150,1505755576.0,108.3,20.9,5.181818181818182,108.3,4.43,26.53,0.245
J142555+1412.0,2, f090,1505768142.0,64.6,15.5,4.16774193548387,64.6,5.14,19.42,0.3007
J142555+1412.0,2, f220,1540233775.0,359.0,109.6,3.2755474452554747,359.0,31.4,169.29,0.4716
J142555+1412.0,2, f150,1542805583.0,524.9,23.8,22.054621848739494,524.9,16.71,24.5,0.0467
J142555+1412.0,2, f090,1542805591.0,629.2,18.0,34.955555555555556,629.2,8.58,21.66,0.0344
J142555+1412.0,2, f220,1542805617.0,373.7,76.7,4.872229465449804,373.7,36.98,151.21,0.4046
J142555+1412.0,2, f150,1542805635.0,551.1,34.4,16.020348837209305,551.1,16.71,24.5,0.0445
J142555+1412.0,2, f090,1542806100.0,510.2,16.7,30.550898203592816,510.2,8.58,21.66,0.0425
J142555+1412.0,2, f150,1542806100.0,522.5,22.5,23.22222222222222,522.5,16.71,24.5,0.0469
J142555+1412.0,2, f090,1542889831.0,142.6,16.1,8.857142857142856,142.6,20.25,22.16,0.1554
J142555+1412.0,2, f090,1544184701.0,66.6,17.9,3.7206703910614527,66.6,11.58,25.21,0.3786
J165122-0050.1,23, f150,1596145161.0,88.2,26.6,3.3157894736842106,88.2,10.07,52.19,0.5917
J165122-0050.1,23, f220,1599421484.0,379.7,59.5,6.381512605042016,379.7,43.87,109.74,0.289
J165122-0050.1,23, f090,1599421488.0,685.5,24.7,27.753036437246966,685.5,13.22,41.71,0.0608
J165122-0050.1,23, f150,1599421499.0,674.7,29.0,23.26551724137931,674.7,24.61,41.26,0.0612
J165122-0050.1,23, f150,1599421502.0,659.1,42.8,15.399532710280376,659.1,24.61,41.26,0.0626
J165122-0050.1,23, f040,1599441578.0,187.6,61.8,3.0355987055016183,187.6,7.33,135.05,0.7199
J165122-0050.1,23, f090,1599441943.0,176.9,26.6,6.650375939849624,176.9,13.22,41.71,0.2358
J165122-0050.1,23, f150,1599441944.0,125.1,33.4,3.745508982035928,125.1,24.61,41.26,0.3298
J165122-0050.1,23, f090,1602973287.0,78.6,26.2,3.0,78.6,32.96,56.58,0.7198
J173353+1655.1,24, f150,1602960426.0,1070.1,29.1,36.77319587628865,1070.1,20.58,50.05,0.0468
J173353+1655.1,24, f090,1602960428.0,1004.1,22.0,45.64090909090909,1004.1,9.56,44.91,0.0447
J173353+1655.1,24, f220,1602960446.0,735.2,92.4,7.956709956709957,735.2,116.78,173.5,0.236
J173353+1655.1,24, f150,1602960495.0,1077.4,43.1,24.99767981438515,1077.4,20.58,50.05,0.0465
J173353+1655.1,24, f040,1602961139.0,623.4,87.9,7.0921501706484635,623.4,187.53,188.55,0.3025
J173353+1655.1,24, f040,1602970702.0,395.9,74.4,5.321236559139784,395.9,187.53,188.55,0.4763
J173353+1655.1,24, f150,1602971386.0,150.2,42.4,3.542452830188679,150.2,20.58,50.05,0.3332
J173353+1655.1,24, f150,1602971440.0,201.2,24.8,8.11290322580645,201.2,20.58,50.05,0.2487
J173353+1655.1,24, f090,1602971449.0,300.4,19.5,15.405128205128204,300.4,9.56,44.91,0.1495
J174146+0228.6,17, f090,1572108844.0,168.6,24.6,6.853658536585365,168.6,10.64,36.78,0.2182
J174146+0228.6,17, f150,1572108845.0,152.4,31.4,4.853503184713376,152.4,9.32,41.57,0.2728
J174146+0228.6,17, f090,1572109187.0,129.9,23.3,5.575107296137339,129.9,10.64,36.78,0.2832
J174146+0228.6,17, f150,1572109190.0,115.1,26.6,4.327067669172932,115.1,9.32,41.57,0.3612
J175954+1044.3,1, f150,1501903163.0,106.4,28.9,3.6816608996539797,106.4,25.19,54.83,0.5154
J175954+1044.3,1, f090,1501903653.0,147.5,21.4,6.892523364485982,147.5,11.64,43.08,0.2921
J175954+1044.3,1, f150,1501903656.0,229.3,28.4,8.073943661971832,229.3,25.19,54.83,0.2391
J175954+1044.3,1, f150,1501903659.0,292.9,38.3,7.6475195822454305,292.9,25.19,54.83,0.1872
J175954+1044.3,1, f220,1501903659.0,290.9,85.4,3.406323185011709,290.9,85.54,307.52,1.0571
J180723+1942.3,19, f090,1573668077.0,184.3,27.0,6.825925925925926,184.3,26.77,55.77,0.3026
J180723+1942.3,19, f090,1573669034.0,144.1,21.3,6.765258215962441,144.1,26.77,55.77,0.387
J181515-4927.7,18, f150,1573251806.0,549.6,30.5,18.01967213114754,549.6,18.7,87.11,0.1585
J181515-4927.7,18, f090,1573251822.0,314.1,21.2,14.816037735849058,314.1,43.0,58.39,0.1859
J181515-4927.7,18, f150,1573252331.0,1000.1,36.1,27.70360110803324,1000.1,18.7,87.11,0.0871
J181515-4927.7,18, f090,1573252334.0,616.8,23.9,25.807531380753137,616.8,43.0,58.39,0.0947
J192831-3507.9,9, f090,1538534292.0,83.2,27.5,3.0254545454545454,83.2,6.99,39.81,0.4785
J192831-3507.9,9, f150,1538619270.0,2289.2,52.0,44.02307692307692,2289.2,8.77,48.3,0.0211
J192831-3507.9,9, f090,1538619286.0,1732.5,33.0,52.5,1732.5,6.99,39.81,0.023
J192831-3507.9,9, f150,1538619703.0,2331.0,51.4,45.35019455252918,2331.0,8.77,48.3,0.0207
J192831-3507.9,9, f090,1538619707.0,1793.9,34.3,52.30029154518951,1793.9,6.99,39.81,0.0222
J192831-3507.9,9, f090,1565479192.0,549.7,24.5,22.436734693877554,549.7,13.8,67.83,0.1234
J192831-3507.9,9, f150,1565479194.0,624.6,31.4,19.891719745222932,624.6,76.06,80.25,0.1285
J192831-3507.9,9, f220,1565479202.0,593.6,78.6,7.552162849872774,593.6,189.15,308.49,0.5197
J192831-3507.9,9, f150,1565479229.0,622.9,51.6,12.071705426356589,622.9,76.06,80.25,0.1288
J192831-3507.9,9, f090,1565479609.0,513.2,25.5,20.125490196078434,513.2,13.8,67.83,0.1322
J192831-3507.9,9, f150,1565479620.0,595.3,33.6,17.7172619047619,595.3,76.06,80.25,0.1348
J192831-3507.9,9, f090,1565589488.0,129.8,23.1,5.6190476190476195,129.8,13.8,67.83,0.5226
J192831-3507.9,9, f150,1565589827.0,103.0,32.3,3.188854489164087,103.0,76.06,80.25,0.7792
J192831-3507.9,9, f090,1565589839.0,108.0,26.9,4.014869888475837,108.0,13.8,67.83,0.628
J193938-0603.7,21, f150,1592471986.0,621.1,76.4,8.129581151832461,621.1,98.67,126.34,0.2034
J193938-0603.7,21, f150,1592472017.0,656.4,36.1,18.182825484764543,656.4,98.67,126.34,0.1925
J193938-0603.7,21, f090,1592472020.0,330.5,30.2,10.943708609271523,330.5,9.84,117.22,0.3547
J193938-0603.7,21, f220,1592472037.0,903.9,96.0,9.415625,903.9,36.9,373.01,0.4127
J194951-3635.4,26, f150,1617265101.0,110.3,27.7,3.9819494584837547,110.3,28.71,63.65,0.5771
J194951-3635.4,26, f090,1617265106.0,85.8,24.2,3.5454545454545454,85.8,18.03,59.19,0.6899
J194951-3635.4,26, f090,1617891949.0,154.2,31.3,4.926517571884983,154.2,47.66,86.47,0.5608
J194951-3635.4,26, f090,1617952938.0,141.6,32.1,4.411214953271028,141.6,10.45,101.01,0.7133
J194951-3635.4,26, f090,1618583513.0,93.3,26.5,3.520754716981132,93.3,43.87,66.94,0.7174
J194951-3635.4,26, f150,1618644484.0,98.1,30.3,3.2376237623762374,98.1,8.36,68.16,0.6948
J194951-3635.4,26, f090,1618644486.0,146.0,24.8,5.887096774193548,146.0,43.87,66.94,0.4585
J194951-3635.4,26, f090,1618925919.0,104.2,27.4,3.802919708029197,104.2,30.33,83.2,0.7985
J194951-3635.4,26, f090,1618986911.0,88.2,25.4,3.4724409448818903,88.2,71.96,76.98,0.8727
J194951-3635.4,26, f090,1619333087.0,100.9,28.9,3.4913494809688586,100.9,50.1,74.02,0.7336
J194951-3635.4,26, f090,1619419219.0,73.8,24.2,3.049586776859504,73.8,50.1,74.02,1.003
J194951-3635.4,26, f150,1620305279.0,98.6,32.4,3.0432098765432096,98.6,14.05,85.77,0.8699
J194951-3635.4,26, f090,1620367020.0,118.3,27.6,4.286231884057971,118.3,6.94,73.97,0.6253
J194951-3635.4,26, f150,1620563781.0,123.2,30.5,4.039344262295082,123.2,48.18,86.03,0.6983
J194951-3635.4,26, f090,1620563787.0,157.4,26.0,6.053846153846154,157.4,13.29,74.78,0.4751
J194951-3635.4,26, f150,1621054832.0,189.0,46.7,4.047109207708779,189.0,45.77,82.37,0.4358
J194951-3635.4,26, f150,1621254552.0,198.5,48.2,4.118257261410788,198.5,45.77,82.37,0.415
J194951-3635.4,26, f090,1621254586.0,146.5,25.0,5.86,146.5,23.44,83.93,0.5729
J194951-3635.4,26, f150,1621339199.0,185.8,54.0,3.440740740740741,185.8,57.97,73.02,0.393
J194951-3635.4,26, f150,1621339266.0,163.6,29.7,5.508417508417509,163.6,57.97,73.02,0.4463
J194951-3635.4,26, f090,1621339267.0,171.3,25.8,6.6395348837209305,171.3,38.78,71.13,0.4152
J194951-3635.4,26, f150,1621400983.0,194.0,30.8,6.298701298701299,194.0,57.97,73.02,0.3764
J194951-3635.4,26, f090,1621400987.0,221.5,25.1,8.824701195219124,221.5,38.78,71.13,0.3211
J194951-3635.4,26, f150,1621401017.0,231.0,47.4,4.8734177215189876,231.0,57.97,73.02,0.3161
J194951-3635.4,26, f090,1621830317.0,312.0,25.9,12.046332046332047,312.0,38.89,73.97,0.2371
J194951-3635.4,26, f150,1621830334.0,224.2,34.2,6.5555555555555545,224.2,53.15,81.77,0.3647
J194951-3635.4,26, f150,1621830336.0,235.6,51.3,4.592592592592593,235.6,53.15,81.77,0.3471
J194951-3635.4,26, f040,1621830755.0,225.9,74.4,3.036290322580645,225.9,98.68,196.41,0.8694
J194951-3635.4,26, f150,1621941645.0,248.7,61.3,4.057096247960848,248.7,53.15,81.77,0.3288
J194951-3635.4,26, f090,1621941667.0,324.9,31.2,10.413461538461538,324.9,38.89,73.97,0.2277
J194951-3635.4,26, f150,1621941684.0,252.1,39.7,6.3501259445843825,252.1,53.15,81.77,0.3244
J194951-3635.4,26, f090,1623122782.0,280.0,30.3,9.24092409240924,280.0,10.74,102.42,0.3658
J194951-3635.4,26, f040,1623123113.0,295.5,88.2,3.3503401360544216,295.5,115.15,289.53,0.9798
J200759+1609.9,8, f090,1536709185.0,355.0,21.7,16.359447004608295,355.0,20.41,36.89,0.1039
J200759+1609.9,8, f150,1536709190.0,273.6,28.5,9.600000000000001,273.6,11.4,45.49,0.1663
J200759+1609.9,8, f220,1536709202.0,207.9,63.4,3.279179810725552,207.9,13.84,159.96,0.7694
J200759+1609.9,8, f090,1536709857.0,416.3,20.7,20.11111111111111,416.3,20.41,36.89,0.0886
J200759+1609.9,8, f150,1536709866.0,353.5,25.7,13.754863813229573,353.5,11.4,45.49,0.1287
J200759+1609.9,8, f090,1536796662.0,191.2,22.7,8.422907488986784,191.2,20.41,36.89,0.1929
J200759+1609.9,8, f090,1536797524.0,149.2,27.8,5.366906474820143,149.2,20.41,36.89,0.2472
J200759+1609.9,8, f150,1536894720.0,108.7,32.0,3.396875,108.7,28.52,45.65,0.4199
J200759+1609.9,8, f090,1536894720.0,119.1,25.2,4.726190476190476,119.1,19.9,37.74,0.3169
J200759+1609.9,8, f090,1536979306.0,155.5,32.9,4.726443768996961,155.5,19.9,37.74,0.2427
J200759+1609.9,8, f090,1537055155.0,92.5,23.0,4.021739130434782,92.5,19.9,37.74,0.408
J200759+1609.9,8, f150,1537055968.0,95.8,27.9,3.4336917562724016,95.8,28.52,45.65,0.4765
J200759+1609.9,8, f090,1537055969.0,84.7,20.3,4.172413793103448,84.7,19.9,37.74,0.4456
J200759+1609.9,8, f150,1537839500.0,146.4,44.2,3.3122171945701355,146.4,17.68,50.13,0.3424
J203622+1215.6,3, f150,1507429393.0,177.0,30.7,5.765472312703583,177.0,55.36,76.49,0.4322
J203622+1215.6,3, f090,1507429400.0,213.4,23.2,9.198275862068966,213.4,17.52,68.24,0.3198
J203622+1215.6,3, f090,1507429756.0,144.0,26.9,5.353159851301116,144.0,17.52,68.24,0.4739
J203622+1215.6,3, f150,1507429761.0,133.7,33.4,4.002994011976048,133.7,55.36,76.49,0.5721
J204746-3635.7,25, f220,1603937603.0,222.0,72.1,3.079056865464633,222.0,272.12,241.06,1.0859
J204746-3635.7,25, f030,1604172715.0,491.2,152.0,3.231578947368421,491.2,65.01,317.36,0.6461
J204746-3635.7,25, f150,1605290307.0,414.1,69.4,5.96685878962536,414.1,98.61,160.86,0.3885
J204746-3635.7,25, f150,1605290334.0,437.8,54.7,8.003656307129798,437.8,98.61,160.86,0.3674
J204746-3635.7,25, f030,1606005177.0,462.9,154.2,3.001945525291829,462.9,321.23,393.27,0.8496
J224500-3315.4,4, f220,1507501072.0,231.3,52.6,4.397338403041825,231.3,35.43,89.91,0.3887
J224500-3315.4,4, f090,1507501072.0,243.4,15.6,15.602564102564104,243.4,10.7,18.35,0.0754
J224500-3315.4,4, f150,1507501072.0,170.2,20.4,8.343137254901961,170.2,9.13,21.99,0.1292
J224500-3315.4,4, f150,1507501080.0,176.1,27.1,6.498154981549815,176.1,9.13,21.99,0.1249
J224500-3315.4,4, f150,1507501357.0,225.3,21.9,10.287671232876713,225.3,9.13,21.99,0.0976
J224500-3315.4,4, f090,1507501359.0,239.4,15.2,15.750000000000002,239.4,10.7,18.35,0.0766
J224500-3315.4,4, f150,1507502512.0,151.1,25.3,5.972332015810276,151.1,30.81,50.28,0.3328
J224500-3315.4,4, f150,1507502869.0,94.5,20.0,4.725,94.5,30.81,50.28,0.5321
J225302+1650.2,5, f090,1507162863.0,79.3,21.2,3.740566037735849,79.3,24.28,39.35,0.4962
J225302+1650.2,5, f150,1507251240.0,74.7,24.8,3.0120967741935485,74.7,42.42,50.01,0.6695
J225302+1650.2,5, f090,1509319770.0,60.8,19.2,3.1666666666666665,60.8,14.4,52.99,0.8716
J225302+1650.2,5, f090,1510706545.0,235.5,19.7,11.954314720812183,235.5,4.16,52.45,0.2227
J225302+1650.2,5, f150,1510706554.0,129.3,36.0,3.591666666666667,129.3,50.22,83.32,0.6444
J225302+1650.2,5, f090,1510707395.0,210.8,21.6,9.75925925925926,210.8,4.16,52.45,0.2488
J225302+1650.2,5, f090,1556362547.0,74.7,23.2,3.219827586206897,74.7,64.51,91.95,1.2309
J225302+1650.2,5, f150,1559809102.0,163.5,28.8,5.677083333333333,163.5,27.29,47.28,0.2892
J225302+1650.2,5, f090,1559809110.0,251.5,22.6,11.128318584070795,251.5,19.74,40.91,0.1626
J225302+1650.2,5, f150,1559809140.0,214.1,41.3,5.184019370460049,214.1,27.29,47.28,0.2208
J225302+1650.2,5, f150,1559809628.0,132.4,25.8,5.131782945736434,132.4,27.29,47.28,0.3571
J225302+1650.2,5, f090,1559809637.0,169.6,21.2,8.0,169.6,19.74,40.91,0.2412
J225302+1650.2,5, f090,1560156548.0,70.9,20.9,3.392344497607656,70.9,22.41,41.06,0.5791
J225302+1650.2,5, f090,1560843091.0,72.4,23.6,3.067796610169492,72.4,46.44,60.65,0.8377
J225302+1650.2,5, f090,1560843620.0,75.3,21.2,3.55188679245283,75.3,46.44,60.65,0.8054
J225302+1650.2,5, f090,1561105976.0,79.1,20.7,3.8212560386473426,79.1,9.17,47.36,0.5987
J225302+1650.2,5, f090,1561190578.0,59.1,19.1,3.094240837696335,59.1,34.53,43.93,0.7433
J225302+1650.2,5, f090,1562139796.0,74.7,23.2,3.219827586206897,74.7,104.51,78.47,1.0505
J225302+1650.2,5, f090,1563258502.0,59.1,18.8,3.1436170212765955,59.1,23.55,41.43,0.7011
